laptop_ID,Company,TypeName,Inches,Ram,OpSys,Weight,Price_euros,Memory1_1,Memory1_2,Memory2_1,Memory2_2,Resolution,Gpu1,Gpu2,Cpu1,Cpu2,Cpu3
1104,1,5,15.6,4,6,2.4,387.0,500,1,0,0,1049,1,1,1,2,2
114,2,4,13.3,8,6,1.23,1379.0,256,2,0,0,5760,2,2,2,9,9
172,1,5,17.3,8,6,3.0,854.0,256,2,0,0,2073,3,6,2,9,9
918,3,3,12.5,8,6,1.26,1483.0,512,2,0,0,2073,2,3,2,9,9
447,4,5,17.3,8,6,2.8,519.0,1000,1,0,0,8294,1,1,1,1,1
1150,4,5,15.6,16,6,2.5,1099.0,1000,3,0,0,2073,1,1,2,9,9
63,4,5,14.0,8,0,1.7,599.0,256,2,0,0,2073,2,3,2,9,9
108,3,5,14.0,6,6,1.58,659.0,256,2,0,0,2073,3,6,2,9,9
644,2,4,13.3,8,6,1.23,1869.0,256,2,0,0,5760,2,4,2,9,9
386,3,2,17.3,8,6,3.35,1191.0,128,2,1000,1,2073,3,6,2,9,9
1263,5,2,15.6,16,6,2.5,1600.0,256,2,1000,1,2073,3,6,2,9,9
813,2,3,11.6,4,6,1.63,744.0,128,2,0,0,1049,2,3,2,7,7
1206,2,4,13.3,8,1,1.23,1099.0,256,2,0,0,5760,2,3,2,9,9
680,4,1,13.3,8,6,1.3,1034.0,256,2,0,0,2073,2,3,2,9,9
272,4,5,15.6,4,0,2.2,467.0,1000,1,0,0,2073,2,3,2,9,9
196,6,4,13.3,8,0,1.3,999.9,256,2,0,0,2073,3,6,2,9,9
1059,3,5,15.6,8,6,1.84,2103.34,256,2,500,1,2073,2,3,2,9,9
1281,1,5,15.6,4,1,2.4,289.0,500,1,0,0,1049,2,3,2,8,8
1084,7,4,12.0,8,8,0.92,1300.0,256,4,0,0,3318,2,3,2,9,9
1052,2,5,15.6,8,4,2.09,1062.95,256,2,0,0,2073,2,3,2,9,9
190,2,5,15.6,16,6,2.06,2397.0,512,2,0,0,8294,3,6,2,9,9
559,2,2,17.3,16,6,4.42,2699.0,256,2,1000,1,2073,3,6,2,9,9
1024,2,2,15.6,8,6,2.65,949.0,1000,3,0,0,2073,3,6,2,9,9
1276,4,5,15.6,8,4,2.32,895.0,1000,3,0,0,2073,1,1,2,9,9
1010,3,4,13.3,8,6,1.11,1349.0,256,2,0,0,2073,2,3,2,9,9
26,2,5,15.6,4,6,2.3,418.64,1000,1,0,0,1049,2,3,2,9,9
1177,3,1,13.3,8,6,1.48,2041.0,512,2,0,0,3686,2,3,2,9,9
952,2,4,14.0,8,6,1.36,1639.0,256,2,0,0,2073,2,3,2,9,9
84,3,5,14.0,8,6,1.63,860.0,256,2,0,0,2073,2,3,2,9,9
786,1,5,14.0,4,6,1.8,636.0,128,2,0,0,2073,2,3,2,9,9
811,2,4,13.3,8,6,1.29,1499.0,256,2,0,0,2073,2,3,2,9,9
452,2,5,14.0,8,6,1.64,1179.0,256,2,0,0,2073,3,6,2,9,9
1287,5,5,15.6,4,6,2.2,720.32,500,1,0,0,1049,3,6,2,9,9
311,3,1,13.3,16,6,1.28,1975.0,256,2,0,0,2073,2,3,2,9,9
600,8,5,15.6,16,6,2.5,1699.0,128,2,1000,1,2073,3,6,2,9,9
458,2,6,15.6,16,6,2.17,1975.0,256,2,0,0,2073,3,9,2,9,9
404,4,5,14.0,8,6,1.9,938.0,256,2,0,0,2073,2,3,2,9,9
876,3,5,15.6,4,6,2.07,910.0,500,1,0,0,2073,2,3,2,9,9
473,1,5,15.6,4,6,2.2,469.0,500,1,0,0,1049,3,6,2,9,9
397,5,2,17.3,16,6,3.0,1591.0,256,2,1000,1,2073,3,6,2,9,9
176,4,5,15.6,4,0,2.2,309.0,500,1,0,0,1049,1,1,1,1,1
787,9,2,14.0,16,6,1.95,2899.0,512,2,0,0,2073,3,6,2,9,9
851,2,2,17.3,32,6,4.42,3072.89,512,2,1000,1,2073,3,6,2,9,9
963,1,5,14.0,4,3,1.68,349.0,32,4,0,0,1049,2,3,2,8,8
705,5,1,12.5,4,3,1.2,669.0,64,4,0,0,2073,2,3,2,9,9
613,10,5,15.6,8,6,2.2,1399.0,256,2,0,0,2073,2,3,2,9,9
962,2,5,17.3,4,6,2.36,659.0,1000,1,0,0,8294,1,1,2,9,9
8,7,4,13.3,8,7,1.34,1158.7,256,4,0,0,1296,2,3,2,9,9
39,3,5,15.6,4,6,1.86,488.69,1000,1,0,0,1049,2,3,2,9,9
130,5,5,14.0,4,5,1.65,277.99,64,2,0,0,1049,1,1,1,10,10
912,2,1,13.3,8,6,1.24,2013.1,512,2,0,0,5760,2,3,2,9,9
305,5,5,14.0,4,6,1.3,509.0,128,2,0,0,1049,2,3,2,9,9
353,2,4,15.6,16,6,1.88,1607.96,512,2,256,2,2073,2,4,2,9,9
1315,5,5,15.6,4,6,2.2,720.32,500,1,0,0,1049,3,6,2,9,9
1136,3,5,13.3,8,6,1.16,1690.0,256,2,0,0,2073,2,3,2,9,9
947,4,1,13.3,16,6,1.3,1799.0,1000,2,0,0,5760,2,2,2,9,9
1025,3,4,12.5,4,6,1.26,1539.0,500,1,0,0,2073,2,3,2,9,9
106,3,4,13.3,8,6,1.38,1119.0,256,2,0,0,2073,3,6,2,9,9
438,4,5,13.3,8,6,1.4,1010.0,256,2,0,0,2073,2,3,2,9,9
460,4,5,14.0,8,6,1.65,1345.0,256,2,0,0,2073,2,3,2,9,9
1278,4,1,14.0,4,6,1.8,833.01,128,2,0,0,2073,2,3,2,9,9
997,11,5,15.6,4,6,2.3,649.0,256,2,0,0,1049,2,3,2,9,9
602,4,5,15.6,8,6,2.29,459.0,1000,1,0,0,1049,2,3,2,9,9
657,4,4,12.5,8,6,1.36,1584.0,256,2,0,0,2073,2,3,2,9,9
237,4,2,15.6,16,6,3.2,1499.0,256,2,1000,1,2073,3,6,2,9,9
107,12,4,13.5,8,5,1.252,1340.0,256,2,0,0,3393,2,3,2,9,9
832,13,2,15.6,8,6,2.4,1199.0,256,2,0,0,2073,3,6,2,9,9
601,4,5,17.3,4,0,2.8,529.0,500,1,0,0,2073,2,3,2,9,9
508,3,5,15.6,8,6,1.91,618.99,256,2,0,0,1049,1,1,2,9,9
888,6,4,13.3,8,6,1.28,935.0,256,2,0,0,2073,3,6,2,9,9
233,5,5,17.3,8,6,2.69,891.0,256,2,500,1,2073,3,6,2,9,9
898,5,2,17.3,12,6,2.2,1369.9,128,2,1000,1,2073,3,6,2,9,9
143,1,5,17.3,4,6,3.0,655.0,1000,1,0,0,2073,3,6,2,9,9
435,3,2,17.3,12,6,3.35,1999.0,256,2,1000,1,2073,3,6,2,9,9
136,1,5,15.6,4,6,2.2,572.0,256,2,0,0,2073,3,6,2,9,9
1019,3,5,14.0,4,6,1.48,1099.99,256,2,0,0,1049,2,3,2,9,9
415,4,5,15.6,4,6,2.2,409.0,500,1,0,0,2073,2,3,2,9,9
211,2,4,13.3,8,6,1.21,1949.0,256,2,0,0,8294,2,4,2,9,9
1029,10,5,13.3,8,6,1.5,1210.0,256,2,0,0,1049,2,3,2,9,9
509,4,1,13.9,8,6,1.4,1599.0,256,2,0,0,2073,2,4,2,9,9
561,3,5,17.3,8,6,2.63,1280.0,1000,1,0,0,2073,3,6,2,9,9
884,4,5,13.3,4,6,1.44,735.0,180,2,0,0,2073,2,3,2,9,9
1021,3,4,14.0,8,4,1.43,1449.0,256,2,0,0,2073,2,3,2,9,9
310,4,5,15.6,4,0,2.2,359.99,1000,1,0,0,1049,2,3,2,7,7
776,2,2,15.6,16,6,2.72,1099.0,128,2,1000,1,8294,3,6,2,9,9
439,4,5,14.0,4,6,1.7,599.0,128,2,0,0,2073,2,3,2,9,9
1047,3,5,14.0,8,4,1.95,1195.0,256,2,0,0,2073,2,3,2,9,9
916,4,5,15.6,8,6,1.95,1962.99,512,2,0,0,2073,2,3,2,9,9
414,2,4,14.0,8,6,1.36,1680.0,512,2,0,0,2073,2,3,2,9,9
467,1,5,15.6,4,6,2.23,544.0,1000,1,0,0,2073,3,6,2,9,9
334,3,4,12.5,8,6,1.26,1335.0,256,2,0,0,2073,2,3,2,9,9
1189,3,5,15.6,16,6,2.1,1159.0,512,2,0,0,2073,2,4,2,9,9
917,14,4,15.6,16,6,1.08,2099.0,512,2,0,0,2073,2,3,2,9,9
620,2,5,15.6,4,1,2.25,359.0,1000,1,0,0,1049,2,3,2,9,9
1188,3,5,15.6,8,6,1.96,679.0,256,2,0,0,2073,2,3,2,9,9
50,5,5,17.3,4,6,2.8,466.0,1000,1,0,0,1049,3,6,2,7,7
416,4,5,11.6,2,6,1.15,304.45,32,4,0,0,1049,2,3,2,8,8
291,4,5,15.6,8,6,1.95,1097.0,256,2,0,0,2073,2,3,2,9,9
828,2,5,14.0,4,6,1.76,755.0,500,1,0,0,1049,2,3,2,9,9
581,4,5,15.6,4,6,2.05,685.0,500,1,0,0,2073,2,3,2,9,9
866,2,5,15.6,8,6,1.9,945.0,128,2,0,0,2073,2,3,2,9,9
491,4,5,15.6,4,6,2.3,565.0,128,2,0,0,1049,2,3,2,9,9
673,10,5,15.6,4,6,2.1,498.0,128,2,0,0,1049,2,3,2,9,9
732,13,2,17.3,8,6,2.7,1348.48,128,2,1000,1,2073,3,6,2,9,9
42,2,2,15.6,16,6,2.65,1499.0,256,2,1000,1,2073,3,6,2,9,9
1213,3,5,15.6,12,6,2.21,1327.0,128,2,1000,1,2073,3,6,2,9,9
394,2,6,15.6,8,6,2.0,2135.0,256,2,0,0,2073,3,9,2,9,9
257,5,5,15.6,4,6,1.68,469.0,1000,1,0,0,1049,1,1,1,3,3
554,4,5,15.6,4,0,2.15,462.35,1000,1,0,0,2073,2,3,2,9,9
1274,5,2,17.3,16,6,4.0,1900.0,128,2,1000,1,2073,3,6,2,9,9
1092,13,2,17.3,16,6,3.78,2499.0,256,2,1000,1,2073,3,6,2,9,9
1300,3,3,11.6,2,6,1.17,209.0,32,4,0,0,1049,2,3,2,8,8
746,13,2,15.6,16,6,1.8,2094.48,256,2,1000,1,2073,3,6,2,9,9
547,2,4,13.3,8,6,1.2,1399.0,256,2,0,0,5760,2,4,2,9,9
1196,13,2,15.6,16,6,1.91,2153.37,128,2,1000,1,2073,3,6,2,9,9
181,13,2,18.4,32,6,4.4,2799.0,512,2,1000,1,2073,3,5,2,9,9
427,4,1,15.6,16,6,2.0,1899.0,512,2,0,0,8294,3,6,2,9,9
721,5,5,14.0,4,6,1.5,298.0,32,4,0,0,2073,2,3,2,8,8
531,2,5,17.3,8,1,2.8,889.0,128,2,1000,1,2073,1,1,2,9,9
742,4,5,13.3,8,6,1.44,960.0,256,2,0,0,2073,2,3,2,9,9
560,3,5,17.3,8,6,2.65,544.15,1000,1,0,0,8294,2,3,2,9,9
592,13,2,17.3,16,6,4.5,2349.0,128,2,1000,1,2073,3,6,2,9,9
823,2,5,15.6,8,6,2.18,789.81,256,2,0,0,2073,1,1,2,9,9
887,5,5,15.6,4,1,2.0,398.99,1000,1,0,0,1049,2,3,2,7,7
417,4,6,15.6,8,6,2.67,1925.0,512,2,0,0,2073,3,9,2,9,9
558,2,5,15.6,8,6,1.9,1116.99,256,2,0,0,2073,2,3,2,9,9
727,3,5,17.3,8,6,2.63,1200.0,256,2,0,0,2073,3,6,2,9,9
818,4,5,15.6,4,6,2.4,609.0,1000,1,0,0,2073,3,6,2,9,9
1027,3,4,14.0,8,6,1.54,1887.21,256,2,0,0,2073,2,3,2,9,9
1041,3,5,14.0,4,6,1.95,1060.0,500,1,0,0,1049,2,3,2,9,9
749,2,5,15.6,8,6,2.0,665.0,256,2,0,0,1049,2,3,2,9,9
250,2,5,15.6,8,6,2.2,985.0,128,2,2000,1,2073,1,1,2,9,9
19,4,5,15.6,8,0,2.2,499.0,1000,1,0,0,2073,3,6,2,9,9
792,4,5,15.6,8,0,2.2,329.0,1000,1,0,0,1049,2,3,2,8,8
36,4,5,14.0,4,6,1.44,249.0,64,4,0,0,1049,2,3,2,8,8
1302,4,1,14.0,4,6,1.8,638.0,128,2,0,0,2073,2,3,2,9,9
781,10,5,14.0,4,6,1.75,1020.0,128,2,0,0,1049,2,3,2,9,9
923,2,5,14.0,8,6,1.6,1205.0,256,2,0,0,2073,2,3,2,9,9
619,2,5,15.6,4,1,2.18,443.9,1000,1,0,0,1049,2,3,2,9,9
1304,4,5,14.0,2,6,1.5,229.0,64,4,0,0,1049,2,3,2,8,8
739,2,5,15.6,12,6,2.25,649.0,1000,1,0,0,1049,2,3,2,9,9
429,3,5,15.6,8,6,2.31,1427.0,256,2,0,0,2073,2,3,2,9,9
1133,10,4,13.3,16,6,1.05,2226.0,512,2,0,0,2073,2,3,2,9,9
1079,13,2,15.6,16,6,1.8,1929.0,256,2,1000,1,2073,3,6,2,9,9
1318,4,5,14.0,2,6,1.5,229.0,64,4,0,0,1049,2,3,2,8,8
55,1,5,15.6,4,6,2.4,384.0,1000,1,0,0,1049,2,3,2,9,9
1288,4,1,14.0,4,6,1.8,638.0,128,2,0,0,2073,2,3,2,9,9
939,2,5,15.6,4,6,1.95,729.9,500,1,0,0,1049,2,3,2,9,9
1093,4,5,15.6,4,6,2.1,540.0,500,1,0,0,1049,2,3,2,9,9
922,14,4,14.0,8,6,0.98,1899.0,512,2,0,0,2073,2,3,2,9,9
27,7,4,13.3,8,8,1.35,1099.0,128,4,0,0,1296,2,3,2,9,9
332,1,5,15.6,6,6,2.23,549.0,1000,1,0,0,1049,2,3,2,9,9
812,2,5,15.6,8,6,2.06,1749.0,256,2,0,0,8294,3,6,2,9,9
208,2,6,15.6,16,6,2.8,3055.0,256,2,1000,1,8294,3,9,2,6,6
604,4,5,14.0,8,6,1.7,1474.0,256,2,0,0,2073,2,3,2,9,9
534,4,5,15.6,8,0,2.2,459.0,2000,1,0,0,1049,3,6,2,9,9
1258,4,5,15.6,6,6,2.2,597.57,256,2,0,0,2073,1,1,1,5,5
1008,2,1,13.3,8,6,1.68,889.0,256,2,0,0,2073,2,3,2,9,9
87,2,2,15.6,16,6,2.65,1349.0,128,2,1000,1,2073,3,6,2,9,9
667,2,2,17.3,32,6,4.42,3147.37,512,2,1000,1,8294,3,6,2,9,9
384,5,5,14.0,4,6,1.5,286.0,32,4,0,0,1049,2,3,2,8,8
569,3,4,13.3,16,6,1.16,1965.0,512,2,0,0,5760,2,3,2,9,9
527,4,2,15.6,8,6,3.2,1399.0,256,2,1000,1,2073,3,6,2,9,9
608,3,5,15.6,4,6,2.1,668.48,500,1,0,0,1049,2,3,2,9,9
537,2,2,17.3,16,6,4.42,3012.77,128,2,1000,1,2073,3,6,2,9,9
7,7,4,15.4,16,8,2.04,2139.97,256,4,0,0,5184,2,2,2,9,9
747,1,5,15.6,4,6,2.4,410.8,500,1,0,0,1049,2,3,2,9,9
450,4,5,15.6,4,6,2.2,349.0,128,2,0,0,2073,2,3,2,7,7
573,2,5,15.6,4,6,1.93,959.0,500,1,0,0,1049,2,3,2,9,9
1217,13,2,17.3,16,6,2.43,2048.9,256,2,1000,1,2073,3,6,2,9,9
76,1,5,14.0,8,6,2.1,389.0,1000,1,0,0,1049,2,3,2,9,9
400,13,2,17.3,8,6,2.7,1349.0,256,2,0,0,2073,3,6,2,9,9
102,3,2,15.6,12,6,2.62,1249.0,128,2,1000,1,2073,3,6,2,9,9
931,13,2,17.3,16,6,2.7,1599.0,256,2,1000,1,2073,3,6,2,9,9
1262,3,5,14.0,4,4,1.54,1099.99,256,2,0,0,2073,2,3,2,9,9
1180,3,2,15.6,8,6,2.62,899.0,1000,1,0,0,2073,3,6,2,9,9
1105,2,5,15.6,4,1,2.2,393.49,500,1,0,0,1049,2,3,2,7,7
571,5,5,15.6,8,6,2.5,839.0,128,2,1000,1,2073,3,6,2,9,9
1044,3,5,14.0,4,6,1.64,973.0,256,2,0,0,1049,2,3,2,9,9
765,3,5,15.6,8,6,2.2,1099.0,128,2,1000,1,2073,3,6,2,9,9
810,5,5,15.6,8,6,2.37,1099.0,256,2,0,0,2073,2,3,2,9,9
539,5,5,15.6,8,6,2.0,1299.0,256,2,1000,1,8294,3,6,2,9,9
228,3,5,15.6,8,6,2.1,794.0,1000,1,0,0,2073,2,4,2,9,9
868,3,1,13.3,8,6,1.28,2559.0,256,2,0,0,2073,2,3,2,9,9
1175,4,4,14.0,12,4,1.4,2299.0,512,2,0,0,2073,2,3,2,9,9
819,3,2,17.3,12,6,3.74,1749.0,1000,1,0,0,2073,1,1,2,9,9
774,1,5,13.3,4,6,1.6,655.0,128,2,0,0,1049,2,3,2,9,9
487,2,5,15.6,8,6,2.16,1262.0,512,2,0,0,2073,3,6,2,9,9
1170,4,5,15.6,8,0,2.32,599.0,1000,1,0,0,2073,1,1,2,9,9
804,4,1,14.0,8,6,1.42,2330.0,256,2,0,0,3686,2,3,2,9,9
719,2,5,14.0,8,1,1.64,1089.0,256,2,0,0,2073,3,6,2,9,9
357,3,5,15.6,8,6,1.84,1304.0,256,2,0,0,2073,2,3,2,9,9
528,3,4,13.3,8,6,1.32,1399.0,256,2,0,0,2073,2,3,2,9,9
314,3,5,15.6,4,6,1.86,469.0,1000,1,0,0,2073,2,3,2,9,9
730,4,4,14.0,8,6,1.32,1499.0,256,2,0,0,2073,2,3,2,9,9
971,3,1,11.6,4,6,1.45,775.0,256,2,0,0,1049,2,3,2,7,7
1239,13,2,15.6,8,6,2.2,1476.11,128,2,1000,1,2073,3,6,2,9,9
1049,3,4,12.5,8,6,1.26,1349.0,256,2,0,0,2073,2,3,2,9,9
287,4,2,15.6,8,6,2.5,829.0,256,2,0,0,2073,3,6,2,9,9
1038,2,5,15.6,8,6,2.09,1046.44,500,1,0,0,2073,2,3,2,9,9
1045,1,5,15.6,6,6,2.1,409.0,1000,1,0,0,1049,1,1,1,3,3
141,4,5,15.6,4,0,2.2,499.0,1000,1,0,0,2073,3,6,2,9,9
1120,2,4,12.5,8,4,1.5,1413.1,256,2,0,0,1049,2,3,2,9,9
1071,1,5,15.6,8,6,2.4,449.0,1000,1,0,0,1049,1,1,1,2,2
2,7,4,13.3,8,7,1.34,898.94,128,4,0,0,1296,2,3,2,9,9
62,2,4,14.0,8,6,1.7,879.0,256,2,0,0,2073,2,4,2,9,9
316,2,4,13.3,16,6,1.21,2499.0,1000,2,0,0,8294,2,4,2,9,9
1221,2,4,13.3,16,6,1.2,2680.0,512,2,0,0,5760,2,3,2,9,9
829,4,5,15.6,4,6,2.1,489.9,500,1,0,0,1049,2,3,2,9,9
934,2,5,15.6,4,6,2.18,684.99,1000,1,0,0,1049,1,1,2,9,9
189,2,5,17.3,16,6,2.77,1549.0,512,2,0,0,2073,3,6,2,9,9
1303,4,1,13.3,16,6,1.3,1499.0,512,2,0,0,5760,2,3,2,9,9
289,1,5,15.6,8,6,3.0,951.0,256,2,0,0,2073,3,6,2,9,9
588,2,5,15.6,8,6,1.9,1008.52,500,1,0,0,1049,2,3,2,9,9
1295,1,5,15.6,4,1,2.4,289.0,500,1,0,0,1049,2,3,2,8,8
1219,4,5,15.6,8,0,2.2,629.0,500,1,0,0,1049,3,6,2,9,9
708,2,2,15.6,8,6,2.56,819.0,1000,1,0,0,2073,3,6,2,9,9
932,2,2,15.6,16,6,2.6,1349.0,128,2,1000,1,2073,3,6,2,9,9
1211,7,4,12.0,8,8,0.92,1163.0,256,4,0,0,3318,2,3,2,9,9
954,3,2,17.3,8,6,2.75,1399.0,128,2,1000,1,2073,3,6,2,9,9
100,5,5,15.6,6,6,2.0,577.0,256,2,0,0,2073,3,6,2,9,9
224,2,1,13.3,16,6,1.62,1279.0,512,2,0,0,2073,2,4,2,9,9
246,5,5,17.3,8,6,2.1,1145.0,128,2,1000,1,2073,3,6,2,9,9
1073,13,2,15.6,16,6,2.94,1819.0,256,2,1000,1,2073,3,6,2,9,9
1067,3,5,15.6,4,6,2.04,979.0,256,2,0,0,1049,2,3,2,9,9
192,1,4,13.3,8,6,1.12,989.0,256,2,0,0,2073,2,3,2,9,9
220,2,4,13.3,8,6,1.4,931.88,256,2,0,0,2073,1,1,2,9,9
279,10,5,15.6,8,6,2.2,812.0,500,1,0,0,1049,3,6,2,9,9
54,3,5,13.3,8,6,1.49,1103.0,512,2,0,0,2073,2,4,2,9,9
425,2,5,15.6,8,6,2.14,539.95,1000,1,0,0,1049,2,3,2,9,9
1169,3,5,15.6,4,6,1.86,297.0,500,1,0,0,1049,1,1,1,10,10
852,3,5,17.3,8,6,2.63,910.0,1000,1,0,0,8294,3,6,2,9,9
99,2,5,15.6,4,1,2.2,485.0,256,2,0,0,2073,1,1,2,9,9
188,6,5,15.6,8,0,1.95,1199.0,256,2,0,0,2073,3,6,2,9,9
949,3,3,12.5,8,6,1.26,1669.0,256,2,0,0,2073,2,3,2,9,9
1139,5,5,15.6,4,6,2.0,435.0,1000,1,0,0,1049,2,3,2,9,9
767,2,2,15.6,16,6,4.42,2868.99,256,2,1000,1,8294,3,6,2,9,9
1267,2,1,13.3,8,6,1.24,1813.0,256,2,0,0,5760,2,3,2,9,9
957,10,5,15.6,8,6,2.2,1119.0,256,2,0,0,1049,2,3,2,9,9
854,3,4,14.0,8,4,1.54,1870.0,512,2,0,0,2073,2,3,2,9,9
1023,3,5,14.0,4,6,1.64,684.0,500,1,0,0,1049,2,3,2,9,9
691,3,5,17.3,4,6,2.5,699.0,256,2,0,0,2073,1,1,2,9,9
557,4,5,15.6,4,6,2.2,499.0,128,2,0,0,2073,2,3,2,9,9
692,4,1,13.3,8,6,1.19,1499.0,512,2,0,0,2073,2,4,2,9,9
697,4,5,15.6,4,6,2.1,318.0,500,1,0,0,1049,2,3,2,8,8
451,3,2,15.6,8,6,2.2,1099.0,128,2,1000,1,2073,3,6,2,9,9
1292,5,5,15.6,4,6,2.2,369.0,500,1,0,0,1049,2,3,2,8,8
978,3,5,15.6,8,6,2.04,846.5,1000,1,0,0,1049,3,6,2,9,9
128,3,5,15.6,4,0,1.86,259.0,500,1,0,0,1049,2,3,2,8,8
1127,4,5,15.6,4,6,2.1,429.0,128,2,0,0,1049,2,3,2,9,9
858,3,1,13.3,8,6,1.28,2277.0,256,2,0,0,2073,2,3,2,9,9
717,3,5,17.3,6,6,2.71,655.01,2000,1,0,0,2073,1,1,1,4,4
171,2,2,15.6,8,6,2.56,1060.49,128,2,1000,1,2073,3,6,2,9,9
1236,4,2,15.6,8,6,2.6,1272.0,128,2,1000,1,2073,3,6,2,9,9
74,2,5,15.6,8,6,2.2,870.0,256,2,0,0,2073,1,1,2,9,9
1314,3,3,11.6,2,6,1.17,209.0,32,4,0,0,1049,2,3,2,8,8
512,4,5,13.3,8,6,1.44,949.0,256,2,0,0,2073,2,3,2,9,9
163,10,5,15.6,4,6,2.1,447.0,500,1,0,0,1049,2,3,2,9,9
495,4,4,12.5,16,6,1.36,1798.0,512,2,0,0,2073,2,3,2,9,9
180,1,5,15.6,4,6,2.1,449.0,128,2,0,0,1049,2,3,2,9,9
445,4,4,14.0,24,6,1.32,2382.0,512,2,0,0,3686,2,3,2,9,9
543,2,5,15.6,8,6,2.2,797.41,256,2,0,0,2073,1,1,2,9,9
521,6,5,15.6,16,0,1.95,1399.95,256,2,0,0,2073,3,6,2,9,9
784,5,1,15.6,12,6,2.3,839.0,2000,1,0,0,2073,3,6,2,9,9
794,13,2,14.0,16,6,1.6,1891.0,256,2,1000,1,2073,3,6,2,9,9
894,4,5,15.6,8,6,2.2,669.0,1000,1,0,0,2073,3,6,2,9,9
1298,3,5,15.6,6,6,2.04,549.99,1000,3,0,0,2073,1,1,1,3,3
1268,2,5,15.6,4,1,2.2,324.0,500,1,0,0,1049,2,3,2,7,7
252,5,2,17.3,16,6,3.6,2999.0,256,2,0,0,2073,3,6,2,9,9
831,4,4,14.0,8,6,1.13,2499.0,512,2,0,0,2073,2,3,2,9,9
441,4,5,15.6,16,6,2.5,2449.0,512,2,0,0,2073,3,9,2,9,9
892,3,1,15.6,4,6,2.3,684.8,500,1,0,0,1049,2,3,2,9,9
45,2,1,17.3,12,6,2.77,999.0,1000,1,0,0,2073,3,6,2,9,9
677,1,5,15.6,4,1,2.1,412.0,128,2,0,0,1049,2,3,2,9,9
635,5,1,13.3,6,6,1.5,639.01,1000,1,0,0,2073,2,3,2,9,9
950,2,5,15.6,4,6,2.18,558.6,1000,1,0,0,1049,2,3,2,9,9
855,2,5,15.6,4,6,2.18,739.0,256,2,0,0,2073,1,1,2,9,9
842,4,5,14.0,8,6,1.7,1186.0,256,2,0,0,2073,2,3,2,9,9
167,4,2,15.6,16,6,2.5,1079.0,256,2,0,0,2073,3,6,2,9,9
987,10,5,14.0,8,6,1.95,1180.0,256,2,0,0,2073,2,3,2,9,9
622,5,2,17.3,8,6,3.0,1168.0,128,2,1000,1,2073,3,6,2,9,9
368,4,5,17.3,6,6,2.8,719.0,128,2,1000,1,8294,3,6,2,9,9
1210,3,5,15.6,4,6,1.86,485.0,500,1,0,0,1049,2,3,2,9,9
38,2,5,17.3,8,6,2.8,979.0,128,2,1000,1,2073,1,1,2,9,9
448,2,5,15.6,4,6,2.2,749.0,256,2,0,0,2073,1,1,2,9,9
254,7,4,13.3,8,7,1.37,2040.0,512,2,0,0,4096,2,2,2,9,9
478,3,5,15.6,8,6,1.9,1154.0,500,1,0,0,2073,1,10,2,9,9
129,3,5,14.0,8,6,1.63,812.0,1000,1,0,0,2073,2,4,2,9,9
711,4,5,15.6,4,6,2.1,621.45,1000,1,1000,1,2073,2,3,2,9,9
1163,3,6,15.6,8,4,2.0,1899.0,256,2,0,0,2073,3,9,2,9,9
1151,3,6,17.3,8,4,3.0,3949.4,256,2,0,0,2073,3,9,2,9,9
869,2,5,13.3,8,6,1.62,649.0,1000,1,0,0,2073,2,3,2,9,9
335,2,5,15.6,32,6,2.06,2639.0,1000,2,0,0,8294,3,6,2,9,9
668,2,5,14.0,8,6,1.56,1229.0,256,2,0,0,2073,2,3,2,9,9
814,3,3,12.5,8,6,1.26,1389.0,256,2,0,0,1049,2,3,2,9,9
975,4,4,12.5,8,6,1.36,1760.0,256,2,0,0,2073,2,3,2,9,9
1160,3,1,13.3,8,6,1.48,1629.0,256,2,0,0,2073,2,3,2,9,9
474,2,5,15.6,8,6,2.02,759.0,2000,1,0,0,2073,1,1,2,9,9
1282,2,5,15.6,2,6,2.2,379.0,500,1,0,0,1049,2,3,2,8,8
807,4,1,13.9,8,6,1.38,1349.0,256,2,0,0,2073,2,3,2,9,9
1130,2,4,13.3,8,6,1.23,1379.0,256,2,0,0,2073,2,2,2,9,9
1242,2,1,15.0,4,6,2.08,509.0,500,1,0,0,2073,2,3,2,9,9
153,2,2,15.6,16,6,2.56,1249.26,512,2,0,0,2073,3,6,2,9,9
880,2,6,15.6,8,6,2.23,1778.0,1000,1,0,0,2073,3,9,2,9,9
1164,3,4,12.5,8,4,1.26,2296.95,256,2,0,0,2073,2,3,2,9,9
1149,1,5,15.6,4,6,2.23,616.0,1000,1,0,0,2073,3,6,2,9,9
170,1,5,15.6,4,6,2.1,363.51,1000,1,0,0,1049,2,3,2,7,7
1082,2,1,13.3,8,6,1.62,798.01,256,2,0,0,2073,2,3,2,9,9
720,2,5,15.6,8,1,1.98,726.0,1000,1,0,0,2073,2,3,2,9,9
839,9,2,17.3,32,6,3.49,5499.0,512,2,0,0,8294,3,6,2,9,9
348,3,5,15.6,8,6,2.1,716.0,1000,1,0,0,2073,3,6,2,9,9
161,2,1,15.6,8,6,1.56,1049.0,256,2,0,0,2073,2,4,2,9,9
1157,13,2,15.6,8,6,2.4,1142.8,128,2,1000,1,2073,3,6,2,9,9
875,2,4,13.3,16,6,1.29,2240.0,512,2,0,0,5760,2,2,2,9,9
1054,4,1,15.6,4,6,1.8,847.0,256,2,0,0,2073,2,3,2,9,9
582,15,5,14.0,4,6,1.4,249.0,32,2,0,0,2073,2,3,2,11,11
985,2,4,14.0,8,6,1.5,1962.98,256,2,0,0,3686,2,3,2,9,9
1235,4,5,17.3,8,0,2.8,539.0,1000,1,0,0,8294,2,3,2,9,9
1191,4,5,15.6,4,0,2.1,398.0,500,1,0,0,1049,2,3,2,9,9
1215,5,2,17.3,16,6,4.3,2150.0,512,2,1000,1,2073,3,6,2,9,9
381,3,5,15.6,4,6,1.91,488.99,256,2,0,0,2073,1,1,1,3,3
166,2,5,15.6,8,6,2.13,728.0,256,2,0,0,2073,1,1,2,9,9
523,3,5,15.6,4,6,2.04,521.47,1000,1,0,0,1049,2,4,2,9,9
331,4,5,14.0,4,6,1.44,292.0,32,4,0,0,1049,2,3,2,8,8
1138,2,5,15.6,4,1,2.09,523.63,500,1,0,0,1049,2,3,2,9,9
1296,2,5,15.6,2,6,2.2,379.0,500,1,0,0,1049,2,3,2,8,8
226,4,1,14.0,8,6,1.74,899.0,256,2,0,0,2073,2,4,2,9,9
503,4,5,15.6,8,6,2.17,898.9,256,2,0,0,2073,2,4,2,9,9
371,3,5,15.6,8,6,2.04,389.0,2000,1,0,0,1049,2,3,2,7,7
999,2,5,15.6,4,6,2.25,599.0,500,1,0,0,1049,1,1,2,9,9
591,2,3,11.6,4,3,1.26,295.0,16,4,0,0,1049,2,3,2,8,8
122,5,5,15.6,8,6,1.7,1118.0,256,2,0,0,2073,3,6,2,9,9
29,2,4,15.6,8,6,1.88,1298.0,256,2,256,2,2073,2,4,2,9,9
545,3,2,17.3,12,6,2.62,1799.0,1000,1,0,0,2073,3,6,2,9,9
461,2,5,15.6,8,6,2.36,979.0,128,2,1000,1,2073,1,1,2,9,9
1238,4,5,15.6,8,6,2.3,1529.0,256,2,0,0,2073,2,3,2,9,9
422,2,5,15.6,4,1,2.3,598.9,256,2,0,0,2073,1,1,2,9,9
674,2,5,15.6,8,6,2.06,955.0,1000,1,0,0,2073,2,3,2,9,9
1018,10,5,13.3,4,6,1.2,1195.0,128,2,0,0,2073,2,3,2,9,9
477,3,1,13.3,8,6,1.29,1999.0,512,2,0,0,8294,2,4,2,9,9
1069,3,5,15.6,4,6,2.31,705.15,500,1,0,0,1049,2,3,2,9,9
724,2,5,15.6,8,6,1.9,1179.0,256,2,0,0,2073,2,3,2,9,9
182,4,5,15.6,8,6,1.9,813.0,128,2,1000,1,2073,1,8,2,9,9
689,5,5,15.6,4,6,1.86,419.0,128,2,0,0,1049,2,3,2,8,8
421,5,1,13.3,8,6,1.27,928.0,256,2,0,0,2073,2,3,2,9,9
681,4,5,15.6,4,6,2.2,349.0,128,2,0,0,1049,1,1,1,10,10
927,1,5,15.6,4,6,2.4,499.0,1000,1,0,0,2073,2,3,2,9,9
836,2,5,14.0,4,6,1.76,585.0,500,1,0,0,1049,2,3,2,9,9
152,1,5,15.6,4,6,2.1,447.0,1000,1,0,0,1049,2,3,2,9,9
308,4,5,15.6,8,0,2.2,549.0,2000,1,0,0,1049,3,6,2,9,9
936,3,4,13.3,8,6,1.39,1149.0,256,2,0,0,5760,2,3,2,9,9
6,1,5,15.6,4,6,2.1,400.0,500,1,0,0,1049,1,1,1,3,3
370,4,5,15.6,8,0,2.2,499.0,256,2,0,0,1049,3,6,2,9,9
710,4,5,15.6,8,6,2.2,429.0,1000,1,0,0,1049,1,1,1,5,5
906,10,5,13.3,8,6,1.05,1475.0,256,2,0,0,2073,2,3,2,9,9
1103,3,5,13.3,4,3,1.29,615.0,32,4,0,0,5760,2,3,2,7,7
1000,3,5,15.6,8,6,2.04,806.0,1000,1,0,0,2073,2,3,2,9,9
149,3,4,12.5,8,6,0.97,2014.0,512,2,0,0,8294,2,3,2,9,9
566,2,5,15.6,4,6,2.18,617.9,1000,1,0,0,1049,1,1,2,9,9
766,3,6,15.6,8,4,2.59,1561.0,256,2,0,0,2073,3,9,2,9,9
610,13,2,17.3,16,6,4.14,2199.0,128,2,1000,1,2073,3,6,2,9,9
1251,13,2,17.3,16,6,2.7,1598.0,256,2,1000,1,2073,3,6,2,9,9
1248,4,3,12.5,16,6,1.3,1650.0,512,2,0,0,2073,2,3,2,9,9
1042,2,4,13.3,8,6,1.29,1624.0,256,2,0,0,5760,2,3,2,9,9
905,13,2,17.3,16,6,2.43,2649.0,512,2,2000,1,8294,3,6,2,9,9
1244,2,4,13.3,8,6,1.29,1477.0,256,2,0,0,5760,2,3,2,9,9
1227,5,2,15.6,16,6,2.2,2449.0,256,2,1000,1,2073,3,6,2,9,9
672,13,2,17.3,8,6,2.7,1486.77,128,2,1000,1,2073,3,6,2,9,9
245,4,5,15.6,8,6,2.2,589.0,128,2,0,0,1049,2,3,2,9,9
763,5,5,15.6,4,6,2.37,849.9,256,2,0,0,1049,2,3,2,9,9
540,15,5,13.3,4,6,1.2,369.0,32,2,0,0,2073,2,3,2,8,8
725,4,5,15.6,4,6,2.19,298.0,500,1,0,0,1049,1,1,1,1,1
1140,4,1,14.0,8,6,1.8,1669.0,256,2,0,0,2073,2,3,2,9,9
670,4,5,15.6,4,6,2.2,535.0,500,1,0,0,2073,2,3,2,9,9
631,3,5,15.6,4,4,1.88,932.0,500,1,0,0,1049,2,3,2,9,9
883,10,5,15.6,8,6,2.0,1388.0,256,2,0,0,2073,2,3,2,9,9
834,10,5,14.0,4,6,1.75,499.0,128,2,0,0,1049,2,3,2,7,7
1117,1,5,15.6,4,3,2.2,209.0,16,2,0,0,1049,2,3,2,8,8
465,12,4,13.5,8,5,1.25,1799.0,256,2,0,0,3393,2,2,2,9,9
759,4,3,11.6,4,6,1.4,475.0,128,2,0,0,1049,2,3,2,8,8
1272,2,5,15.6,4,6,2.2,443.99,500,1,0,0,1049,2,3,2,7,7
144,4,5,14.0,8,6,1.75,1116.02,256,2,0,0,2073,1,1,2,9,9
264,4,1,15.6,8,6,2.0,1699.0,512,2,0,0,2073,3,6,2,9,9
238,2,5,14.0,8,6,1.6,859.0,256,2,0,0,2073,2,3,2,9,9
1316,4,1,14.0,4,6,1.8,638.0,128,2,0,0,2073,2,3,2,9,9
1204,2,1,15.6,16,6,2.09,1179.0,512,2,0,0,2073,2,3,2,9,9
687,1,2,15.6,16,6,2.5,1299.0,256,2,0,0,2073,3,6,2,9,9
227,10,4,13.3,8,6,1.2,1363.0,256,2,0,0,2073,2,3,2,9,9
830,10,4,14.0,4,6,1.25,1090.0,128,2,0,0,1049,2,3,2,9,9
139,4,5,15.6,4,0,1.9,252.36,1000,1,0,0,1049,2,3,2,8,8
630,11,5,15.6,8,6,2.2,799.0,256,2,0,0,1049,2,3,2,9,9
1232,5,2,17.3,16,6,2.9,1949.0,256,2,1000,1,2073,3,6,2,9,9
1241,2,4,12.5,8,4,1.26,1713.37,256,2,0,0,2073,2,3,2,9,9
344,5,5,15.6,4,1,2.0,274.99,1000,1,0,0,1049,2,3,2,8,8
885,8,4,15.0,16,6,1.23,1849.0,256,2,0,0,2073,3,6,2,9,9
361,2,5,15.6,8,6,2.02,970.9,128,2,2000,1,2073,1,1,2,9,9
1218,2,5,15.6,4,6,2.3,499.0,128,2,0,0,1049,1,1,2,9,9
1026,3,5,14.0,4,6,1.48,1590.0,256,2,0,0,2073,2,3,2,9,9
676,10,5,15.6,8,6,2.0,1258.0,256,2,0,0,2073,2,3,2,9,9
418,4,4,14.0,8,6,1.7,1943.0,512,2,0,0,3686,3,6,2,9,9
78,4,5,15.6,8,0,2.2,519.0,2000,1,0,0,2073,2,3,2,9,9
928,4,5,13.3,4,6,1.44,881.0,128,2,0,0,2073,2,3,2,9,9
1033,3,5,14.0,8,6,1.43,2229.0,256,2,0,0,2073,2,3,2,9,9
845,5,2,17.3,16,6,2.9,2419.0,256,2,1000,1,2073,3,6,2,9,9
959,4,2,15.6,16,6,2.5,999.0,512,2,1000,1,2073,1,1,1,12,12
522,5,3,11.6,2,6,1.1,245.0,32,4,0,0,1049,2,3,2,8,8
85,4,5,15.6,4,6,2.2,399.0,128,2,0,0,2073,1,11,1,1,1
260,2,4,13.3,8,6,1.41,949.0,256,2,0,0,2073,2,4,2,9,9
893,5,5,14.1,4,6,1.65,348.0,32,4,0,0,1049,2,3,2,8,8
775,5,5,17.3,4,6,2.8,470.34,1000,1,0,0,1049,3,6,2,7,7
1126,2,5,15.6,4,4,2.24,769.15,500,1,0,0,1049,1,1,2,9,9
838,1,5,14.0,8,6,1.5,619.0,128,2,0,0,2073,2,3,2,9,9
484,4,5,14.0,8,6,1.7,1364.0,180,2,0,0,2073,2,3,2,9,9
1312,3,5,15.6,6,6,2.04,549.99,1000,3,0,0,2073,1,1,1,3,3
1108,2,4,13.3,4,6,1.4,818.35,256,2,0,0,2073,1,1,2,9,9
393,2,6,15.6,8,6,2.23,1369.0,500,1,0,0,2073,1,10,2,9,9
156,13,2,17.3,16,6,2.8,1890.0,256,2,1000,1,2073,3,6,2,9,9
325,3,5,14.0,8,6,1.48,1292.0,256,2,0,0,2073,2,3,2,9,9
164,5,5,15.6,4,6,2.03,403.0,1000,1,0,0,1049,1,1,1,3,3
788,5,5,15.6,8,6,2.0,581.9,128,2,0,0,2073,2,3,2,7,7
155,4,5,15.6,4,6,1.9,498.0,128,2,0,0,1049,2,3,2,9,9
274,4,5,15.6,8,6,2.05,880.0,256,2,0,0,2073,2,4,2,9,9
61,2,5,17.3,16,6,2.8,1299.0,256,2,2000,1,2073,1,1,2,9,9
374,2,5,15.6,8,6,2.33,899.0,256,2,0,0,2073,1,1,2,9,9
230,1,5,15.6,8,6,2.2,832.0,256,2,0,0,2073,3,6,2,9,9
618,2,2,15.6,16,6,2.59,879.01,1000,1,0,0,2073,3,6,2,9,9
234,3,5,15.6,8,6,1.9,1269.0,1000,1,0,0,2073,1,10,2,9,9
782,2,2,15.6,8,6,2.62,1099.0,1000,1,0,0,2073,3,6,2,9,9
700,3,6,17.3,8,6,3.14,1907.99,500,1,0,0,2073,3,9,2,9,9
874,4,2,15.6,8,0,2.5,1017.0,1000,1,0,0,2073,3,6,2,9,9
698,1,5,14.0,4,3,1.45,375.0,32,4,0,0,1049,2,3,2,8,8
1234,1,5,17.3,4,6,3.3,598.0,1000,1,0,0,8294,3,6,2,9,9
515,3,4,13.3,8,6,1.34,1323.0,512,2,0,0,2073,2,3,2,9,9
337,10,5,15.6,8,6,2.0,943.0,256,2,0,0,2073,2,3,2,9,9
312,10,5,15.6,8,6,2.2,1043.0,256,2,0,0,2073,3,6,2,9,9
210,2,5,15.6,6,6,2.3,439.0,1000,1,0,0,1049,2,3,2,9,9
656,10,5,13.3,8,6,1.2,1213.0,256,2,0,0,2073,2,3,2,9,9
733,4,5,15.6,4,0,1.9,489.9,1000,1,0,0,1049,2,3,2,9,9
594,4,4,14.0,12,6,1.4,1673.0,256,2,0,0,2073,2,3,2,9,9
872,3,5,15.6,8,6,1.84,1349.0,256,2,0,0,2073,1,1,2,9,9
500,1,5,15.6,8,6,2.2,579.0,1000,1,0,0,1049,1,1,1,4,4
1290,4,5,14.0,2,6,1.5,229.0,64,4,0,0,1049,2,3,2,8,8
942,2,5,15.6,4,6,2.18,708.06,1000,1,0,0,1049,2,3,2,9,9
318,1,5,15.6,8,6,2.23,469.0,256,2,0,0,2073,1,1,1,2,2
1229,5,5,15.6,16,6,2.2,1749.0,128,2,1000,1,2073,3,6,2,9,9
82,2,4,15.6,8,6,1.88,1096.16,256,2,0,0,2073,2,4,2,9,9
56,2,5,15.6,8,6,2.13,767.8,256,2,0,0,2073,1,1,2,9,9
194,4,1,14.0,16,6,1.42,2824.0,1000,2,0,0,3686,2,3,2,9,9
270,2,1,15.6,8,6,2.67,799.0,256,2,0,0,2073,2,4,2,9,9
841,5,5,15.6,4,1,2.1,519.0,1000,1,0,0,2073,3,6,2,9,9
948,10,5,14.0,4,6,1.47,1105.0,128,2,0,0,2073,2,3,2,9,9
137,3,5,15.6,8,6,2.05,598.0,1000,1,0,0,1049,2,3,2,9,9
505,4,5,13.3,8,6,1.4,949.0,256,2,0,0,2073,2,3,2,9,9
642,5,5,15.6,8,6,2.0,399.0,1000,1,0,0,1049,2,3,2,8,8
998,10,5,14.0,4,6,1.75,915.0,500,1,0,0,1049,2,3,2,9,9
870,4,5,15.6,4,0,2.2,469.0,1000,1,0,0,2073,2,3,2,9,9
988,5,2,17.3,16,6,2.73,2049.9,256,2,1000,1,2073,3,6,2,9,9
1198,4,1,14.0,8,6,1.36,1637.0,256,2,0,0,3686,2,3,2,9,9
300,4,2,15.6,8,6,3.2,1299.0,1000,1,0,0,2073,3,6,2,9,9
21,5,3,11.6,2,6,0.98,191.9,32,4,0,0,1049,2,3,2,11,11
940,4,4,12.5,8,6,1.36,1650.0,256,2,0,0,2073,2,3,2,9,9
375,3,4,14.0,8,6,1.36,1750.0,256,2,0,0,2073,2,3,2,9,9
369,3,5,15.6,8,6,1.86,639.0,1000,1,0,0,2073,2,3,2,9,9
632,4,5,15.6,8,6,2.2,899.0,1000,1,0,0,2073,3,6,2,9,9
849,5,2,17.3,16,6,2.73,1799.0,512,2,1000,1,2073,3,6,2,9,9
1247,13,2,15.6,8,6,2.2,1149.0,128,2,1000,1,2073,3,6,2,9,9
628,4,5,14.0,8,4,1.65,1465.0,256,2,0,0,2073,2,3,2,9,9
302,2,6,17.3,16,6,3.42,2884.86,256,2,0,0,2073,3,9,2,9,9
496,5,4,12.5,16,6,0.91,1950.0,512,2,0,0,2073,2,3,2,9,9
943,3,5,14.0,4,6,1.95,1149.0,500,1,0,0,1049,2,3,2,9,9
935,3,4,15.6,8,6,1.84,1296.99,256,2,0,0,2073,1,1,2,9,9
1285,2,5,15.6,8,1,2.3,805.99,1000,1,0,0,1049,1,1,2,9,9
770,2,4,12.5,16,6,1.18,1859.0,256,2,0,0,2073,2,3,2,9,9
301,1,5,15.6,8,1,2.5,979.0,256,2,0,0,2073,3,6,2,9,9
132,3,5,17.3,8,6,2.5,928.0,256,2,0,0,2073,2,4,2,9,9
682,3,1,14.0,4,6,1.63,699.0,128,2,0,0,2073,3,6,2,9,9
1299,2,5,15.6,8,1,2.3,805.99,1000,1,0,0,1049,1,1,2,9,9
479,16,4,12.3,8,3,1.1,1275.0,128,2,0,0,3840,2,3,2,9,9
1,7,4,13.3,8,7,1.37,1339.69,128,2,0,0,4096,2,2,2,9,9
43,5,5,15.6,8,1,2.3,522.99,1000,1,0,0,1049,3,6,2,9,9
1112,13,2,17.3,8,6,2.6,1599.0,256,2,0,0,2073,3,6,2,9,9
453,1,5,15.6,4,1,2.4,441.8,500,1,0,0,1049,2,3,2,9,9
1119,4,2,15.6,16,6,2.4,1199.0,512,2,0,0,2073,3,6,2,9,9
1311,4,5,15.6,8,6,2.6,899.0,1000,1,0,0,2073,3,6,2,9,9
643,5,5,15.6,8,6,1.99,906.62,1000,1,0,0,2073,3,6,2,9,9
475,3,2,17.3,12,6,3.78,1699.0,1000,1,0,0,2073,3,6,2,9,9
1003,2,5,14.0,8,6,1.6,1119.0,128,2,0,0,2073,2,3,2,9,9
203,3,5,17.3,8,6,2.5,1045.0,256,2,0,0,2073,3,6,2,9,9
424,3,4,14.0,8,6,1.43,1500.0,256,2,0,0,2073,2,3,2,9,9
72,12,4,13.5,4,5,1.252,1089.0,128,2,0,0,3393,2,3,2,9,9
205,4,5,15.6,4,6,2.1,493.0,128,2,0,0,1049,2,3,2,9,9
1200,2,5,15.6,8,1,1.98,895.01,256,2,0,0,2073,3,6,2,9,9
1291,3,5,15.6,6,6,2.19,764.0,1000,1,0,0,1049,1,1,2,9,9
401,2,5,15.6,8,1,2.33,778.87,256,2,0,0,2073,1,1,2,9,9
771,16,4,12.3,8,3,1.1,1559.0,256,2,0,0,3840,2,3,2,9,9
634,4,5,15.6,4,0,2.2,468.0,128,2,0,0,2073,2,3,2,9,9
389,4,5,14.0,8,6,1.5,1099.0,256,2,0,0,2073,3,6,2,9,9
1283,4,5,15.6,8,6,2.6,899.0,1000,1,0,0,2073,3,6,2,9,9
820,13,2,17.3,16,6,2.9,2415.0,512,2,1000,1,2073,3,6,2,9,9
1075,5,2,17.3,16,0,4.0,998.0,1000,1,0,0,2073,3,6,2,9,9
52,1,5,15.6,8,6,2.2,841.0,256,2,0,0,2073,3,6,2,9,9
372,2,5,17.3,8,6,2.8,1085.0,128,2,1000,1,2073,1,1,2,9,9
563,15,5,13.3,4,6,1.35,255.0,32,4,0,0,2073,2,3,2,11,11
806,2,5,15.6,8,6,1.95,810.0,128,2,0,0,1049,2,3,2,9,9
946,3,5,15.6,4,0,1.86,288.9,1000,1,0,0,1049,2,3,2,8,8
877,10,4,13.3,8,6,1.2,1095.0,256,2,0,0,1049,2,3,2,9,9
1228,7,4,12.0,8,8,0.92,1279.0,512,4,0,0,3318,2,3,2,9,9
470,4,5,14.0,8,0,1.5,799.0,512,2,0,0,2073,1,1,2,9,9
1011,1,5,15.6,4,6,2.4,380.0,500,1,0,0,1049,2,3,2,7,7
327,5,5,14.0,8,6,2.0,1094.0,256,2,0,0,2073,2,3,2,9,9
517,2,4,13.3,8,6,1.29,899.0,128,2,0,0,2073,2,3,2,9,9
1185,4,5,15.6,4,6,2.2,468.0,1000,1,0,0,2073,3,6,2,9,9
525,3,5,15.6,8,6,2.04,889.0,256,2,0,0,2073,3,6,2,9,9
350,2,4,13.3,8,6,1.2,1579.0,256,2,0,0,2073,2,4,2,9,9
281,2,5,17.3,8,1,2.8,1099.0,128,2,1000,1,2073,1,1,2,9,9
651,5,2,15.6,8,0,2.5,1169.0,1000,1,0,0,2073,3,6,2,9,9
295,1,5,15.6,2,3,2.19,199.0,16,2,0,0,1049,2,3,2,8,8
1095,4,4,12.5,8,6,0.99,1399.0,512,2,0,0,3686,2,3,2,9,9
1031,4,5,17.3,16,4,2.4,2968.0,512,2,0,0,8294,3,9,2,9,9
621,2,5,15.6,4,1,1.93,869.0,500,1,0,0,1049,2,3,2,9,9
1197,3,5,15.6,4,6,2.07,650.0,500,1,0,0,1049,2,3,2,9,9
431,2,2,17.3,16,6,4.42,2799.0,256,2,1000,1,3686,3,6,2,9,9
206,1,5,15.6,8,6,2.23,742.0,1000,1,0,0,2073,3,6,2,9,9
688,13,2,15.6,8,6,2.2,997.9,256,2,0,0,2073,3,6,2,9,9
69,3,5,14.0,4,6,1.44,229.0,32,2,0,0,1049,2,3,2,8,8
654,1,4,14.0,8,6,1.8,919.0,256,2,0,0,2073,2,7,2,9,9
135,1,4,14.0,8,6,1.6,884.0,256,2,0,0,2073,2,4,2,9,9
757,2,5,14.0,8,6,1.6,1126.71,256,2,0,0,1049,2,3,2,9,9
140,5,2,17.3,8,6,3.0,938.0,128,2,1000,1,2073,3,6,2,9,9
20,2,4,13.3,8,6,1.22,979.0,128,2,0,0,2073,2,4,2,9,9
637,5,4,14.0,16,6,1.1,1900.0,512,2,0,0,2073,2,3,2,9,9
653,4,5,14.0,4,6,1.43,274.0,32,4,0,0,1049,2,3,2,8,8
1254,3,4,14.0,8,4,1.54,2198.19,256,2,0,0,3686,2,3,2,9,9
138,3,5,14.0,8,6,1.63,988.0,256,2,0,0,2073,2,4,2,9,9
803,7,4,12.0,8,8,0.92,1165.0,512,4,0,0,3318,2,3,2,9,9
791,10,4,14.0,16,6,1.47,1764.0,512,2,0,0,2073,3,6,2,9,9
857,5,4,13.3,8,6,1.45,1026.0,512,2,0,0,2073,3,6,2,9,9
468,1,3,11.6,4,6,1.4,435.0,128,2,0,0,1049,2,3,2,8,8
1270,4,5,15.6,6,6,2.4,569.0,128,2,0,0,2073,3,6,2,9,9
217,3,5,15.6,4,0,2.1,349.0,500,1,0,0,2073,2,3,2,9,9
867,5,5,15.6,4,6,2.0,449.0,1000,1,0,0,1049,2,3,2,7,7
675,3,5,15.6,8,6,2.1,745.0,1000,1,0,0,2073,1,1,2,9,9
481,5,5,15.6,12,6,2.06,1299.0,128,2,1000,1,8294,2,3,2,9,9
606,2,6,15.6,8,6,2.06,1763.0,256,2,0,0,2073,3,9,2,9,9
649,3,5,17.0,8,6,2.6,520.9,1000,1,0,0,8294,1,1,1,3,3
28,2,5,15.6,8,6,2.2,800.0,256,2,0,0,2073,1,1,2,9,9
306,5,2,17.3,16,6,2.9,2122.0,256,2,1000,1,2073,3,6,2,9,9
1313,2,5,15.6,8,1,2.3,805.99,1000,1,0,0,1049,1,1,2,9,9
616,1,5,14.0,4,6,1.6,349.0,128,4,0,0,1049,2,3,2,7,7
1077,2,5,15.6,16,6,2.32,989.99,2000,1,0,0,2073,1,1,2,9,9
402,3,4,15.6,4,6,1.91,499.0,256,2,0,0,2073,1,1,1,3,3
90,5,2,15.6,16,6,2.2,1449.0,128,2,1000,1,2073,3,6,2,9,9
151,13,2,17.3,16,6,2.9,2029.0,256,2,1000,1,2073,3,6,2,9,9
881,4,5,15.6,4,6,2.38,1055.0,500,1,0,0,1049,2,3,2,9,9
187,10,5,15.6,8,6,2.0,793.0,128,2,0,0,1049,2,3,2,9,9
339,4,5,15.6,4,6,1.85,449.0,1000,1,0,0,2073,2,3,2,9,9
142,3,5,13.3,4,6,1.32,699.0,256,2,0,0,2073,2,3,2,9,9
1222,5,2,15.6,8,6,2.2,1169.0,1000,1,0,0,2073,3,6,2,9,9
1269,3,5,15.6,4,6,1.86,399.0,500,1,0,0,1049,1,1,1,1,1
209,4,2,15.6,16,0,2.4,1398.0,512,2,0,0,2073,3,6,2,9,9
472,5,5,15.6,4,6,2.0,304.0,500,1,0,0,1049,2,3,2,7,7
754,8,4,13.3,16,6,0.81,1649.0,256,2,0,0,2073,2,3,2,9,9
627,3,5,14.0,8,6,2.31,1124.0,256,2,0,0,1049,2,3,2,9,9
909,3,5,15.6,8,6,2.04,900.0,1000,1,0,0,2073,3,6,2,9,9
772,5,4,13.3,8,6,1.2,1129.0,256,2,0,0,5760,2,3,2,9,9
126,3,5,17.3,16,6,2.5,1271.0,512,2,0,0,2073,3,6,2,9,9
1061,13,2,17.3,16,6,3.78,1545.64,256,2,1000,1,2073,3,6,2,9,9
59,13,2,17.3,16,6,2.43,2449.0,256,2,2000,1,2073,3,6,2,9,9
535,2,5,15.6,4,6,2.3,585.0,500,1,0,0,2073,1,1,2,9,9
396,5,2,17.3,8,6,3.0,1039.0,1000,1,0,0,2073,3,6,2,9,9
783,3,4,12.5,4,6,1.26,1244.0,256,2,0,0,1049,2,3,2,9,9
109,4,5,15.6,4,6,1.85,414.9,1000,1,0,0,2073,2,3,2,9,9
666,4,2,15.6,8,6,3.31,1196.0,128,2,1000,1,2073,3,6,2,9,9
864,4,4,14.0,8,6,1.96,1903.0,256,2,0,0,2073,3,6,2,9,9
125,4,5,15.6,8,0,2.2,629.0,256,2,0,0,2073,3,6,2,9,9
406,4,4,14.0,16,6,1.13,2625.0,1000,2,0,0,3686,2,3,2,9,9
285,4,5,17.3,6,6,2.8,859.0,128,2,1000,1,8294,3,6,2,9,9
972,2,4,13.3,8,6,1.3,1268.0,256,2,0,0,5760,2,3,2,9,9
1205,1,5,15.6,4,6,2.23,691.0,256,2,0,0,2073,3,6,2,9,9
862,5,2,15.6,16,6,2.1,1899.0,128,2,1000,1,2073,3,6,2,9,9
471,4,5,15.6,8,6,2.67,2090.0,256,2,0,0,2073,3,9,2,9,9
282,1,5,15.6,8,6,2.2,745.0,1000,1,0,0,2073,3,6,2,9,9
434,2,4,14.0,8,1,1.6,1099.0,256,2,0,0,2073,2,3,2,9,9
684,5,4,14.0,8,6,1.1,1135.0,256,2,0,0,2073,2,3,2,9,9
556,4,5,15.6,8,6,1.99,1729.0,512,2,0,0,2073,2,3,2,9,9
1116,2,4,12.5,4,4,1.5,1166.97,128,2,0,0,1049,2,3,2,9,9
825,9,4,12.5,16,6,1.29,1799.0,512,2,0,0,8294,2,3,2,9,9
982,2,2,17.3,32,6,4.42,3149.0,256,2,1000,1,2073,3,6,2,9,9
799,5,2,15.6,8,6,2.24,1339.0,128,2,1000,1,2073,3,6,2,9,9
96,5,4,14.0,8,6,1.25,1049.0,256,2,0,0,2073,2,3,2,9,9
446,5,5,15.6,4,1,2.0,559.0,256,2,0,0,2073,2,3,2,9,9
4,7,4,15.4,16,7,1.83,2537.45,512,2,0,0,5184,1,1,2,9,9
1265,5,2,15.6,16,6,2.34,2325.0,256,2,1000,1,2073,3,6,2,9,9
901,3,5,14.0,4,6,1.95,1265.0,128,2,0,0,2073,2,3,2,9,9
737,3,5,15.6,4,6,2.1,489.0,1000,1,0,0,2073,1,1,1,3,3
974,10,5,13.3,8,6,1.2,1535.0,256,2,0,0,2073,2,3,2,9,9
41,5,5,15.6,4,1,2.0,389.0,1000,1,0,0,2073,2,3,2,9,9
679,4,5,15.6,8,6,1.9,817.95,128,2,1000,1,2073,1,1,2,9,9
801,4,1,13.3,8,6,1.37,1970.0,512,2,0,0,2073,2,3,2,9,9
758,3,6,17.3,16,4,3.0,4389.0,256,2,0,0,2073,3,9,2,6,6
442,5,2,17.3,8,6,3.2,1695.0,256,2,1000,1,2073,1,1,1,13,13
376,5,1,15.6,12,6,2.26,1099.0,512,2,2000,1,2073,3,6,2,9,9
483,2,6,15.6,8,6,1.78,2408.0,256,2,0,0,2073,3,9,2,9,9
990,4,5,14.0,4,4,1.7,1002.0,508,3,0,0,1049,2,3,2,9,9
609,1,5,14.0,4,6,1.6,329.0,32,4,0,0,2073,2,3,2,8,8
388,5,2,15.6,8,6,2.3,1655.0,128,2,1000,1,2073,3,6,2,9,9
768,1,5,15.6,4,6,2.1,599.0,256,2,0,0,1049,2,3,2,9,9
81,3,5,17.3,8,6,2.5,977.0,128,2,1000,1,2073,3,6,2,9,9
1148,3,4,15.6,8,6,1.84,752.0,256,2,0,0,2073,2,3,2,9,9
338,5,5,14.0,8,6,2.0,1334.0,256,2,1000,1,2073,2,3,2,9,9
221,4,5,17.3,8,0,2.8,589.0,1000,1,0,0,8294,3,6,2,9,9
1137,3,5,14.0,8,4,1.43,1513.0,256,2,0,0,2073,2,3,2,9,9
68,3,5,15.6,4,6,1.86,438.69,500,1,0,0,1049,1,1,2,9,9
648,4,2,15.6,8,6,2.5,1109.0,128,2,1000,1,2073,3,6,2,9,9
444,16,4,12.3,16,3,1.1,2199.0,512,2,0,0,3840,2,3,2,9,9
778,1,5,15.6,4,1,2.1,298.0,1000,1,0,0,1049,2,3,2,7,7
1062,4,2,17.3,16,6,4.6,2289.99,128,2,1000,1,2073,3,6,2,9,9
640,4,5,15.6,4,6,1.8,829.0,256,2,0,0,2073,2,4,2,9,9
1279,5,4,13.3,8,6,1.2,729.0,512,2,0,0,2073,2,3,2,9,9
1252,7,4,11.6,4,8,1.08,959.0,256,4,0,0,1049,2,3,2,9,9
313,4,5,15.6,8,6,2.3,819.0,128,2,1000,1,2073,3,6,2,9,9
1199,4,4,15.6,6,6,1.54,831.0,256,2,0,0,2073,3,6,2,9,9
735,2,1,13.3,4,6,1.71,649.0,1000,1,0,0,2073,2,3,2,9,9
457,3,5,15.6,8,6,1.91,589.0,128,2,0,0,1049,2,3,2,9,9
1154,13,2,17.3,16,6,3.78,2399.0,256,2,1000,1,2073,3,6,2,9,9
671,3,5,15.6,6,6,2.04,539.0,1000,1,0,0,2073,1,1,2,9,9
165,1,5,17.3,4,6,3.0,805.0,256,2,0,0,2073,3,6,2,9,9
510,4,5,14.0,4,6,2.1,299.0,500,1,0,0,1049,2,3,2,8,8
1123,3,5,15.6,4,6,2.1,398.0,1000,1,0,0,2073,1,1,1,1,1
904,4,4,14.0,8,6,1.32,1799.0,256,2,0,0,2073,2,3,2,9,9
154,2,2,15.6,8,6,2.62,899.0,1000,3,0,0,2073,3,6,2,9,9
744,3,6,15.6,16,6,2.6,2419.0,256,2,0,0,2073,3,9,2,9,9
1144,3,2,17.3,8,6,3.35,1129.0,128,2,1000,1,2073,3,6,2,9,9
124,13,2,15.6,16,6,1.8,2241.5,256,2,2000,1,2073,3,6,2,9,9
66,3,5,15.6,8,6,1.86,690.0,256,2,0,0,2073,2,3,2,9,9
833,4,4,14.0,8,6,1.13,1875.0,256,4,0,0,2073,2,3,2,9,9
817,2,2,15.6,16,6,2.62,1679.0,512,2,0,0,8294,3,6,2,9,9
346,2,5,15.6,4,1,2.2,274.9,500,1,0,0,1049,2,3,2,8,8
915,4,4,14.0,8,6,1.13,2049.0,256,4,0,0,2073,2,3,2,9,9
808,2,5,15.6,8,6,2.0,739.0,256,2,0,0,2073,1,1,2,9,9
629,2,5,15.6,4,6,2.2,776.0,1000,1,0,0,2073,1,1,2,9,9
1306,5,5,15.6,4,6,2.2,369.0,500,1,0,0,1049,2,3,2,8,8
1017,3,5,14.0,4,6,1.64,779.0,500,1,0,0,1049,2,3,2,9,9
1020,3,5,14.0,4,6,1.95,1205.0,256,2,0,0,2073,2,3,2,9,9
432,2,2,15.6,8,6,2.62,1159.0,128,2,1000,1,2073,3,6,2,9,9
729,3,1,13.3,8,6,1.58,836.6,256,2,0,0,1049,2,3,2,9,9
390,5,4,13.3,16,6,1.1,1748.9,512,2,0,0,2073,2,3,2,9,9
718,4,2,15.6,8,6,2.5,1249.0,128,2,1000,1,2073,3,6,2,9,9
1156,4,1,14.0,16,6,2.8,2440.0,512,2,0,0,3686,2,3,2,9,9
636,2,5,15.6,8,6,2.0,1820.0,256,2,0,0,2073,3,6,2,9,9
1266,4,5,15.6,8,0,2.3,573.0,256,2,0,0,2073,2,3,2,9,9
133,2,5,15.6,8,6,2.36,638.99,1000,1,0,0,1049,1,1,2,9,9
199,3,5,17.3,8,6,2.5,914.0,1000,1,0,0,2073,3,6,2,9,9
403,4,5,15.6,8,6,2.1,1229.56,256,2,0,0,2073,1,1,2,9,9
777,8,4,13.3,8,6,1.31,1599.0,256,2,0,0,2073,2,3,2,9,9
908,2,2,15.6,8,1,2.62,929.0,1000,1,0,0,2073,3,6,2,9,9
466,3,5,17.3,8,6,2.5,639.9,256,2,0,0,8294,2,3,2,9,9
1153,2,5,15.6,8,6,2.5,784.0,1000,1,0,0,1049,1,1,2,9,9
83,7,4,12.0,8,7,0.92,1510.0,512,2,0,0,3318,2,3,2,9,9
678,12,4,13.5,8,5,1.252,1867.85,256,2,0,0,3393,2,2,2,9,9
58,5,5,15.6,4,6,2.0,586.19,256,2,0,0,1049,2,3,2,9,9
1014,1,2,15.6,8,6,2.7,1260.0,128,2,1000,1,2073,3,6,2,9,9
1231,2,1,15.6,8,6,2.191,999.0,256,2,0,0,2073,2,3,2,9,9
1308,2,5,15.6,6,6,2.3,459.0,1000,1,0,0,1049,2,3,2,9,9
1208,4,2,15.6,8,6,2.4,819.0,1000,1,0,0,2073,3,6,2,9,9
324,1,5,11.6,4,6,1.4,485.0,128,4,0,0,1049,2,3,2,7,7
865,5,5,15.6,8,6,2.3,787.0,256,2,0,0,2073,3,6,2,9,9
1111,2,5,15.6,8,6,2.36,638.8,1000,1,0,0,2073,1,1,2,9,9
158,3,5,15.6,6,6,1.91,619.0,256,2,0,0,2073,1,1,2,9,9
489,3,5,13.3,4,6,1.49,726.0,128,2,0,0,2073,2,4,2,9,9
752,4,6,15.6,16,6,2.5,3299.0,1000,2,0,0,8294,3,9,2,9,9
298,2,5,15.6,8,6,2.0,1829.0,256,2,0,0,2073,3,6,2,9,9
178,3,5,17.3,8,6,2.5,923.0,256,2,0,0,2073,3,6,2,9,9
913,5,2,17.3,32,6,3.58,1279.0,256,2,256,2,2073,3,6,2,9,9
261,3,5,15.6,8,6,1.91,445.9,128,2,0,0,1049,1,1,1,1,1
751,4,1,14.0,8,6,1.7,999.0,256,2,0,0,2073,2,3,2,9,9
956,1,5,15.6,4,6,2.23,619.0,500,1,0,0,1049,2,3,2,9,9
326,4,5,17.3,4,6,2.79,589.0,1000,1,0,0,8294,3,6,2,9,9
779,2,5,15.6,16,6,2.3,1181.27,256,2,0,0,2073,1,1,2,9,9
395,4,1,14.0,16,6,1.42,2509.0,512,2,0,0,3686,2,3,2,9,9
262,3,5,17.3,16,6,2.9,1059.0,1000,1,0,0,2073,3,6,2,9,9
736,2,5,15.6,8,1,2.32,589.52,1000,1,0,0,1049,1,1,2,9,9
1083,2,2,15.6,16,6,3.21,1329.0,256,2,1000,1,8294,3,6,2,9,9
103,3,5,15.6,8,6,1.91,719.0,256,2,0,0,2073,1,1,2,9,9
665,2,5,15.6,16,6,2.2,1135.0,256,2,2000,1,2073,1,1,2,9,9
51,4,1,10.1,4,2,0.69,319.0,64,4,0,0,2304,2,3,2,11,11
1147,5,5,14.0,4,6,1.5,278.0,32,4,0,0,1049,2,3,2,8,8
902,3,1,13.3,16,6,1.42,1399.0,256,2,0,0,5760,2,3,2,9,9
380,2,1,13.3,8,6,1.62,869.01,256,2,0,0,2073,2,4,2,9,9
575,4,5,15.6,4,6,2.2,344.0,500,1,0,0,2073,2,3,2,7,7
365,2,5,14.0,8,6,1.36,1427.0,256,2,0,0,2073,2,3,2,9,9
345,2,5,15.6,8,6,2.0,1142.75,256,2,0,0,2073,3,6,2,9,9
520,2,5,15.6,16,6,2.2,1219.24,256,2,2000,1,2073,1,1,2,9,9
1076,2,5,15.6,4,6,2.25,559.0,1000,1,0,0,2073,2,3,2,9,9
1050,3,5,15.6,4,6,2.04,742.0,500,1,0,0,1049,2,3,2,9,9
1193,5,5,14.0,4,6,2.0,769.0,256,2,0,0,2073,2,3,2,9,9
847,4,5,14.0,4,3,1.5,325.0,16,4,0,0,1049,2,3,2,8,8
607,3,5,15.6,8,6,1.84,1219.0,256,2,0,0,2073,2,3,2,9,9
1194,4,5,15.6,4,4,2.32,825.0,1000,3,0,0,2073,2,3,2,9,9
349,4,1,13.9,16,6,1.4,2099.0,512,2,0,0,8294,2,4,2,9,9
1012,5,2,15.6,16,6,2.5,1799.0,256,2,1000,1,2073,3,6,2,9,9
1142,3,4,12.5,8,4,1.26,1895.0,256,2,0,0,1049,2,3,2,9,9
1226,1,5,17.3,8,6,3.3,629.0,1000,1,0,0,8294,3,6,2,9,9
34,2,4,13.3,16,6,1.2,1869.0,512,2,0,0,5760,2,4,2,9,9
1260,1,5,15.6,4,1,2.4,361.8,500,1,0,0,1049,2,3,2,9,9
586,2,5,15.6,8,1,2.2,749.01,256,2,0,0,2073,1,1,2,9,9
77,5,2,15.6,8,6,2.2,949.0,1000,1,0,0,2073,3,6,2,9,9
1143,4,2,15.6,8,0,2.4,989.0,128,2,1000,1,2073,3,6,2,9,9
462,2,1,11.6,4,6,1.47,479.0,500,1,0,0,1049,2,3,2,7,7
532,4,5,14.0,8,4,2.02,1340.0,256,2,0,0,2073,2,3,2,9,9
895,2,5,15.6,4,6,2.2,369.0,500,1,0,0,1049,2,3,2,7,7
127,1,5,15.6,4,6,2.1,451.0,256,2,0,0,1049,1,1,1,3,3
846,10,5,15.6,4,6,2.0,669.0,500,1,0,0,1049,2,3,2,9,9
296,5,2,17.3,8,6,3.0,1187.0,1000,1,0,0,2073,3,6,2,9,9
1032,10,5,14.0,8,6,1.47,1490.0,256,2,0,0,2073,2,3,2,9,9
35,7,4,13.3,8,8,1.35,998.0,256,4,0,0,1296,2,3,2,9,9
1080,2,4,13.3,8,6,1.29,1458.0,256,2,0,0,2073,2,3,2,9,9
593,3,2,17.3,16,6,3.78,1498.0,256,2,1000,1,2073,3,6,2,9,9
1066,2,1,15.6,8,6,2.3,1094.0,256,2,0,0,2073,2,3,2,9,9
12,3,5,15.6,4,0,1.86,344.99,500,1,0,0,2073,2,3,2,9,9
464,12,4,13.5,4,5,1.252,989.0,128,2,0,0,3393,2,3,2,9,9
709,4,5,15.6,4,6,2.2,399.0,256,2,0,0,2073,1,1,1,3,3
1016,2,5,15.6,4,6,2.18,547.0,128,2,0,0,1049,2,3,2,9,9
358,13,2,17.3,8,6,2.7,1409.0,128,2,1000,1,2073,3,6,2,9,9
195,17,5,14.0,4,6,1.3,260.0,32,4,0,0,2073,2,3,2,8,8
827,2,2,17.3,16,6,4.36,2505.02,128,2,1000,1,2073,3,6,2,9,9
1034,2,1,15.6,4,6,2.08,795.99,1000,1,0,0,2073,2,3,2,9,9
391,4,4,14.0,8,6,1.13,2282.0,512,2,0,0,3686,2,3,2,9,9
1060,3,5,14.0,8,4,1.43,1469.0,256,2,0,0,2073,2,3,2,9,9
891,3,1,13.3,4,6,1.28,1700.0,256,2,0,0,2073,2,3,2,9,9
113,5,4,15.6,16,6,1.5,1262.0,256,2,1000,1,2073,3,6,2,9,9
320,2,5,15.6,8,6,2.33,844.0,128,2,1000,1,2073,1,1,2,9,9
1141,4,1,10.1,4,6,0.69,479.0,64,4,0,0,2304,2,3,2,11,11
773,2,5,13.3,4,6,1.65,849.0,500,1,0,0,1049,2,3,2,9,9
1237,1,1,14.0,8,6,1.2,1149.0,256,2,0,0,2073,2,3,2,9,9
840,4,4,14.0,16,6,1.1,2099.0,512,2,0,0,3686,2,3,2,9,9
1171,2,2,15.6,8,6,2.62,1199.0,1000,1,0,0,2073,3,6,2,9,9
1115,2,4,12.5,4,4,1.5,1135.15,500,1,0,0,1049,2,3,2,9,9
704,4,1,14.0,16,6,1.38,1749.0,512,2,0,0,2073,2,3,2,9,9
933,13,2,15.6,8,6,2.2,1119.91,128,2,1000,1,2073,3,6,2,9,9
1289,4,1,13.3,16,6,1.3,1499.0,512,2,0,0,5760,2,3,2,9,9
73,2,4,13.3,8,6,1.4,955.0,256,2,0,0,2073,1,1,2,9,9
1036,3,5,13.3,8,6,1.11,1149.0,256,2,0,0,2073,2,3,2,9,9
1246,4,2,15.6,16,6,2.6,1029.0,128,2,1000,1,2073,3,6,2,9,9
570,4,5,17.3,8,6,3.4,2999.0,256,2,0,0,2073,3,9,2,9,9
703,1,3,11.6,4,6,1.4,269.0,32,4,0,0,1049,2,3,2,8,8
741,1,5,15.6,4,6,2.4,559.0,500,1,0,0,1049,2,3,2,9,9
179,2,5,15.6,8,6,2.3,459.0,1000,1,0,0,1049,2,3,2,9,9
945,3,4,12.5,4,6,1.26,1579.0,500,1,0,0,2073,2,3,2,9,9
1183,2,2,15.6,8,6,2.62,1498.0,128,2,1000,1,8294,3,6,2,9,9
843,4,5,14.0,8,6,1.32,1650.0,256,2,0,0,2073,2,3,2,9,9
212,2,4,13.3,8,6,1.2,1449.0,256,2,0,0,2073,2,4,2,9,9
1271,4,5,14.0,8,6,1.9,1072.0,256,2,0,0,2073,2,3,2,9,9
184,2,5,15.6,16,1,2.02,1049.0,256,2,2000,1,2073,1,1,2,9,9
280,2,5,15.6,12,6,2.3,713.07,1000,1,0,0,1049,2,3,2,9,9
494,2,5,15.6,16,6,2.06,1899.0,512,2,0,0,2073,3,6,2,9,9
309,5,2,15.6,8,6,2.5,1265.0,128,2,1000,1,2073,3,6,2,9,9
878,4,1,13.3,8,6,1.37,1950.0,256,2,0,0,2073,2,3,2,9,9
456,12,4,13.5,16,5,1.25,2589.0,512,2,0,0,3393,2,2,2,9,9
1225,4,5,15.6,4,6,2.2,299.0,500,1,0,0,1049,1,1,1,10,10
160,5,1,13.3,8,6,1.1,1315.0,256,2,0,0,2073,2,3,2,9,9
23,3,5,15.6,4,0,1.86,258.0,500,1,0,0,1049,1,1,1,10,10
115,4,1,13.3,8,6,1.37,1399.0,256,2,0,0,2073,2,3,2,9,9
937,10,5,15.6,16,6,2.4,1975.0,256,2,0,0,2073,3,6,2,9,9
555,3,5,15.6,4,6,1.86,397.0,500,1,0,0,2073,2,3,2,9,9
597,5,1,15.6,8,6,2.2,739.0,1000,1,0,0,1049,2,3,2,9,9
1013,3,4,14.0,8,6,1.48,2089.0,512,2,0,0,2073,2,3,2,9,9
699,4,5,14.0,4,6,1.7,699.0,256,2,0,0,2073,2,3,2,9,9
1201,1,5,15.6,4,6,2.1,333.0,500,1,0,0,1049,2,3,2,8,8
251,3,5,15.6,8,6,2.04,559.0,1000,1,0,0,1049,2,3,2,9,9
1182,3,5,15.6,4,0,2.1,476.99,500,1,0,0,1049,2,3,2,9,9
548,2,5,14.0,4,6,1.6,735.87,128,2,0,0,2073,2,3,2,9,9
159,4,1,14.0,4,6,1.74,629.0,256,2,0,0,2073,2,3,2,9,9
753,1,5,14.0,2,3,1.68,330.0,32,4,0,0,1049,2,3,2,8,8
1098,3,4,13.3,16,6,1.3,2049.0,512,2,0,0,8294,2,3,2,9,9
1106,3,5,15.6,4,0,1.86,345.99,1000,1,0,0,1049,2,3,2,9,9
1181,4,5,15.6,8,6,2.2,459.0,1000,1,0,0,1049,2,3,2,9,9
969,2,2,17.3,16,6,4.36,3154.0,512,2,1000,1,8294,3,6,2,9,9
288,4,5,15.6,6,6,2.2,579.0,256,2,0,0,2073,2,3,2,9,9
303,4,5,15.6,6,6,2.4,499.0,1000,1,0,0,2073,1,1,1,4,4
116,3,5,14.0,4,6,1.63,722.0,500,1,0,0,1049,2,4,2,9,9
1099,2,5,15.6,8,6,2.18,750.0,256,2,0,0,2073,2,3,2,9,9
516,4,2,15.6,8,0,2.4,1149.0,256,2,1000,1,2073,3,6,2,9,9
809,3,6,15.6,8,6,3.14,2064.9,256,2,0,0,2073,3,9,2,9,9
387,4,5,15.6,4,0,1.85,403.5,128,2,0,0,2073,2,3,2,9,9
80,1,5,15.6,4,6,2.2,530.0,1000,1,0,0,2073,3,6,2,9,9
342,2,4,15.6,8,6,1.9,1049.0,128,2,1000,1,2073,3,6,2,9,9
256,5,2,17.3,16,6,4.3,1799.0,256,2,1000,1,2073,3,6,2,9,9
241,1,5,15.6,4,1,2.1,390.0,1000,1,0,0,1049,2,3,2,9,9
323,3,5,14.0,8,6,1.95,980.0,256,2,0,0,2073,2,3,2,9,9
426,4,4,14.0,8,6,1.75,1215.38,256,2,0,0,2073,1,1,2,9,9
745,2,1,13.3,8,6,1.55,659.0,1000,1,0,0,2073,2,4,2,9,9
362,4,5,15.6,4,0,2.2,321.99,1000,1,0,0,1049,2,3,2,8,8
740,3,5,15.6,6,6,2.1,650.0,128,2,1000,1,2073,1,1,1,3,3
283,4,5,17.3,4,6,2.8,489.0,1000,1,0,0,8294,2,3,2,9,9
17,2,5,15.6,8,6,2.2,745.0,256,2,0,0,2073,1,1,2,9,9
145,4,2,15.6,8,0,2.4,869.0,256,2,0,0,2073,3,6,2,9,9
977,10,4,12.5,8,6,1.1,1790.0,512,2,0,0,2073,2,3,2,9,9
1301,5,5,15.6,4,6,2.2,720.32,500,1,0,0,1049,3,6,2,9,9
480,2,4,13.3,8,6,1.42,1841.85,256,2,0,0,2073,2,4,2,9,9
13,7,4,15.4,16,7,1.83,2439.97,256,2,0,0,5184,1,1,2,9,9
459,3,6,15.6,8,6,2.31,1534.0,512,2,0,0,2073,2,3,2,9,9
658,5,2,17.3,32,6,3.8,2799.0,512,2,0,0,2073,3,6,2,9,9
587,15,5,14.0,4,6,1.45,389.0,32,2,0,0,2073,2,3,2,8,8
1030,3,5,15.6,4,6,2.04,769.99,256,2,0,0,1049,2,3,2,9,9
598,4,5,15.6,12,6,2.2,949.0,512,2,0,0,2073,1,1,1,5,5
546,4,5,14.0,8,6,1.87,859.0,256,2,0,0,2073,3,6,2,9,9
1087,3,4,12.5,8,4,1.26,1199.0,256,2,0,0,2073,2,3,2,9,9
871,4,5,15.6,8,6,2.3,850.66,1000,1,0,0,2073,2,3,2,9,9
112,4,5,14.0,8,6,1.58,1480.0,256,2,0,0,2073,2,3,2,9,9
611,2,5,15.6,4,1,2.18,465.0,1000,1,0,0,1049,1,1,2,9,9
219,18,4,13.0,8,6,1.05,1499.0,512,2,0,0,3110,2,3,2,9,9
701,4,1,14.0,8,6,1.42,2590.0,256,2,0,0,3686,2,3,2,9,9
1100,3,5,14.0,4,4,1.54,1030.99,500,1,0,0,2073,2,3,2,9,9
1134,5,2,17.3,8,6,3.52,1312.49,128,2,1000,1,2073,3,6,2,9,9
1284,3,5,15.6,6,6,2.04,549.99,1000,3,0,0,2073,1,1,1,3,3
53,3,5,15.6,4,6,1.86,398.49,256,2,0,0,2073,1,1,1,1,1
1307,5,4,13.3,8,6,1.2,729.0,512,2,0,0,2073,2,3,2,9,9
454,2,6,15.6,8,6,2.23,1993.0,64,4,1000,1,2073,3,9,2,6,6
1005,3,5,15.6,4,6,2.1,499.0,128,2,1000,1,2073,1,1,2,9,9
793,4,4,14.0,16,6,1.7,2299.0,512,2,0,0,2073,2,3,2,9,9
317,13,2,15.6,16,6,2.8,2099.0,256,2,1000,1,2073,3,6,2,9,9
1305,3,5,15.6,6,6,2.19,764.0,1000,1,0,0,1049,1,1,2,9,9
896,3,1,13.3,4,6,1.28,1799.0,256,2,0,0,2073,2,3,2,9,9
292,5,4,15.6,8,6,1.7,977.0,256,2,0,0,2073,3,6,2,9,9
1172,2,5,15.6,8,6,2.04,2250.68,256,2,0,0,8294,3,6,2,9,9
1186,3,5,14.0,2,6,1.44,249.0,32,4,0,0,1049,2,3,2,8,8
253,3,5,13.3,4,6,1.49,675.0,500,1,0,0,2073,2,4,2,9,9
882,4,5,15.6,4,0,2.2,479.0,1000,1,0,0,2073,1,1,2,9,9
15,7,4,12.0,8,7,0.92,1262.4,256,2,0,0,3318,2,3,2,9,9
1058,3,5,14.0,4,6,1.54,1000.0,500,1,0,0,2073,2,3,2,9,9
944,4,5,15.6,4,6,2.2,309.0,1000,1,0,0,1049,2,3,2,7,7
1165,2,5,15.6,8,6,2.18,1009.9,256,2,0,0,2073,3,6,2,9,9
423,2,5,13.3,4,6,1.65,689.0,128,2,0,0,1049,2,3,2,9,9
837,1,3,11.6,4,3,1.35,355.0,32,4,0,0,1049,2,3,2,8,8
173,3,5,13.3,4,6,1.49,754.0,500,1,0,0,2073,2,4,2,9,9
966,10,5,13.3,8,4,1.2,1460.0,256,2,0,0,2073,2,3,2,9,9
856,3,1,11.6,4,3,1.4,615.0,32,4,0,0,1049,2,3,2,8,8
626,1,1,11.6,4,3,1.25,379.0,32,4,0,0,1049,2,3,2,8,8
617,4,5,15.6,32,6,2.5,4899.0,1000,2,0,0,8294,3,9,2,6,6
873,10,5,13.3,4,6,1.05,1285.0,128,2,0,0,2073,2,3,2,9,9
1056,10,5,15.6,16,6,2.4,1425.0,256,2,0,0,2073,3,6,2,9,9
443,3,5,15.6,4,6,2.1,347.0,500,1,0,0,1049,2,3,2,8,8
183,3,1,13.3,8,6,1.29,1499.0,256,2,0,0,8294,2,4,2,9,9
1048,3,5,15.6,8,6,1.84,1228.99,256,2,0,0,2073,2,3,2,9,9
120,2,5,15.6,8,6,2.16,1130.33,256,2,1000,1,2073,3,6,2,9,9
1004,3,3,12.5,8,6,0.97,1908.0,512,2,0,0,2073,2,3,2,9,9
134,2,5,15.6,4,6,2.2,449.0,1000,1,0,0,2073,1,1,2,9,9
529,2,5,14.0,8,6,1.64,1279.73,256,2,0,0,2073,2,3,2,9,9
511,4,3,11.6,4,3,1.25,265.0,16,2,0,0,1049,2,3,2,8,8
544,3,5,15.6,4,6,1.86,398.99,256,2,0,0,2073,2,3,2,7,7
244,1,2,15.6,8,6,2.5,846.0,256,2,0,0,2073,3,6,2,9,9
186,4,1,13.9,16,6,1.4,1849.0,512,2,0,0,8294,2,4,2,9,9
919,1,5,15.6,4,3,2.2,359.0,16,4,0,0,2073,2,3,2,8,8
1022,3,5,14.0,8,6,1.64,1049.26,256,2,0,0,2073,3,6,2,9,9
533,4,5,15.6,4,6,2.2,799.0,1000,1,0,0,2073,3,6,2,9,9
382,4,3,11.6,4,6,1.59,553.0,128,2,0,0,1049,2,3,2,8,8
64,5,5,14.0,8,6,1.4,941.0,256,2,0,0,2073,2,4,2,9,9
476,4,4,14.0,12,6,1.4,1858.0,256,2,0,0,3686,2,3,2,9,9
822,2,5,15.6,8,6,1.98,961.0,1000,1,0,0,2073,3,6,2,9,9
955,5,5,17.3,4,6,2.8,530.0,1000,1,0,0,8294,3,6,2,7,7
1063,5,3,11.6,4,3,1.2,287.9,16,4,0,0,1049,2,3,2,8,8
485,2,5,15.6,8,6,2.2,675.0,1000,1,0,0,2073,1,1,2,9,9
24,2,1,13.3,8,6,1.62,819.0,256,2,0,0,2073,2,4,2,9,9
271,5,1,13.3,8,6,1.1,1499.0,512,2,512,2,2073,2,4,2,9,9
802,4,1,15.6,8,6,2.08,959.0,256,2,0,0,2073,1,1,2,9,9
411,13,2,17.3,16,6,2.8,2249.0,256,2,1000,1,2073,3,6,2,9,9
639,2,2,15.6,16,6,2.62,1479.0,256,2,1000,1,2073,3,6,2,9,9
986,2,2,17.3,32,6,4.42,2800.0,256,2,1000,1,2073,3,6,2,9,9
707,3,5,15.6,4,6,2.1,689.0,500,1,0,0,2073,1,1,2,9,9
715,4,6,15.6,16,4,2.18,1855.0,512,2,0,0,2073,3,9,2,9,9
1212,2,1,13.3,8,6,1.6,1199.0,256,2,0,0,2073,2,3,2,9,9
589,3,5,13.3,4,6,1.49,719.0,128,2,0,0,2073,2,3,2,9,9
584,4,2,17.3,32,6,4.6,2663.0,256,2,1000,1,2073,3,6,2,9,9
482,2,5,14.0,8,6,1.79,740.0,128,2,0,0,1049,2,3,2,9,9
991,5,1,15.6,16,6,2.3,1799.0,512,2,2000,1,8294,3,6,2,9,9
175,3,5,17.3,6,6,2.71,699.0,2000,1,0,0,2073,1,1,2,9,9
1086,3,5,15.6,4,6,2.31,1199.0,500,1,0,0,1049,2,3,2,9,9
1040,3,5,14.0,4,6,2.31,1189.0,500,1,0,0,1049,2,3,2,9,9
1223,2,5,15.6,8,6,2.36,889.0,256,2,0,0,2073,1,1,2,9,9
297,3,5,17.3,8,6,2.54,489.0,1000,1,0,0,8294,2,3,2,9,9
1192,4,5,15.6,8,0,2.2,709.0,1000,1,0,0,2073,3,6,2,9,9
201,3,5,13.3,8,6,1.49,959.0,512,2,0,0,2073,2,4,2,9,9
351,4,2,15.6,16,6,2.4,1129.0,256,2,2000,1,2073,3,6,2,9,9
119,3,5,14.0,8,6,1.63,1084.0,512,2,0,0,2073,2,4,2,9,9
419,3,5,15.6,4,6,2.1,469.0,1000,1,0,0,2073,1,1,2,9,9
436,15,1,11.6,4,6,1.16,299.0,32,2,0,0,2073,2,3,2,8,8
646,4,1,13.3,8,6,1.37,1757.42,256,2,0,0,2073,2,3,2,9,9
615,4,1,15.6,8,6,2.0,1299.0,256,2,0,0,2073,2,3,2,9,9
853,2,5,15.6,8,6,2.18,713.99,128,2,0,0,1049,2,3,2,9,9
321,3,1,13.3,16,6,1.29,2449.0,1000,2,0,0,8294,2,4,2,9,9
1184,4,5,15.6,8,6,1.95,1390.0,256,2,0,0,2073,2,3,2,9,9
967,5,1,12.5,8,3,1.2,1159.0,64,4,0,0,2073,2,3,2,9,9
410,1,5,15.6,8,1,2.5,879.0,256,2,0,0,2073,3,6,2,9,9
716,4,5,14.0,8,6,1.8,1191.0,256,2,0,0,2073,2,3,2,9,9
1168,4,5,15.6,4,0,1.9,339.0,1000,1,0,0,1049,2,3,2,9,9
1037,3,5,14.0,8,6,1.64,1185.43,256,2,0,0,2073,3,6,2,9,9
669,4,5,15.6,4,6,2.2,419.0,500,1,0,0,1049,2,3,2,8,8
1286,3,3,11.6,2,6,1.17,209.0,32,4,0,0,1049,2,3,2,8,8
992,3,5,15.6,6,6,2.04,579.0,1000,1,0,0,1049,2,3,2,9,9
951,13,2,15.6,8,6,2.2,1199.0,128,2,1000,1,2073,3,6,2,9,9
1257,4,5,13.3,16,6,1.4,1499.0,512,2,0,0,2073,2,3,2,9,9
821,8,4,13.3,8,6,0.81,1499.0,256,2,0,0,2073,2,3,2,9,9
1273,5,5,15.6,4,6,2.0,339.0,1000,1,0,0,1049,2,3,2,8,8
235,5,5,15.6,4,6,2.37,398.99,1000,1,0,0,1049,2,3,2,9,9
123,1,5,15.6,6,6,2.1,479.0,1000,1,0,0,2073,2,3,2,9,9
31,19,5,15.6,4,6,1.89,244.99,64,4,0,0,2073,2,3,2,11,11
996,4,5,15.6,6,6,2.2,549.0,256,2,0,0,2073,1,1,1,5,5
731,2,2,17.3,32,6,4.36,3659.4,1000,2,1000,1,8294,3,6,2,9,9
276,5,2,17.3,16,6,3.2,1549.0,256,2,1000,1,2073,1,1,1,13,13
585,13,2,17.3,16,6,4.14,2729.0,512,2,1000,1,2073,3,6,2,9,9
1173,3,5,15.6,4,6,1.91,478.89,256,2,0,0,2073,1,1,1,1,1
